,id,created,superceded_id,valid,classification_system,cell_type,pt_supervoxel_id,pt_root_id,pt_position
0,2606,2023-07-22 01:03:59.582052+00:00,,t,"U, ascending, intersegmental",8B,74034790889852391,648518346509994042,[ 57776 205160    160]
1,2608,2023-07-22 01:03:59.627869+00:00,,t,"T3R, ascending, intersegmental",8B,74104197628813029,648518346506783522,[ 60358 176482    393]
2,2632,2023-07-22 01:04:00.139828+00:00,,t,"T1L, local",14A,73468131695134022,648518346492416127,[42479 94240  3213]
3,2596,2023-07-22 01:03:59.383975+00:00,,t,"T1R, ascending, intersegmental",8B,73608731409428444,648518346500711093,[46120 92056  2643]
4,2585,2023-07-22 01:03:59.146216+00:00,,t,"T3L, ascending, intersegmental",unknown,72766917148223877,648518346479174095,[ 21992 168888   1313]
5,2601,2023-07-22 01:03:59.485996+00:00,,t,"T3R, ascending, intersegmental",8B,73963460140445498,648518346490188983,[ 55339 176572    371]
6,2605,2023-07-22 01:03:59.563240+00:00,,t,"U, intersegmental",8B,74034516414721034,648518346486865889,[ 57592 197456    961]
7,2623,2023-07-22 01:03:59.941720+00:00,,t,"T1L, local",14A,73045712937761446,648518346487038617,[29984 89520  3034]
8,2589,2023-07-22 01:03:59.230859+00:00,,t,"T3R, ascending, intersegmental",8B,73119928831710830,648518346487004825,[ 32744 204496    800]
9,2595,2023-07-22 01:03:59.363231+00:00,,t,"T3R, ascending, intersegmental",8B,73400785467165587,648518346496982580,[ 39048 185920   1037]
10,2597,2023-07-22 01:03:59.404795+00:00,,t,"T3R, ascending, intersegmental",8B,73752353773201650,648518346484428839,[ 50387 176863     10]
11,2602,2023-07-22 01:03:59.504783+00:00,,t,"T3L, intersegmental",8B,73964010231634429,648518346489002225,[ 55832 193464    967]
12,2580,2023-07-10 00:42:14.217379+00:00,,t,"T1L, local",9A,73116218785405769,648518346490384394,[32136 92584  2394]
13,2581,2023-07-10 00:42:14.218347+00:00,,t,fragment,fragment,73116699889098606,648518346497489476,[ 31471 108287   2564]
14,2582,2023-07-10 00:42:14.219284+00:00,,t,"T1L, intersegmental",9A,73186450023632727,648518346495918155,[33672 88728  2293]
15,2591,2023-07-22 01:03:59.274995+00:00,,t,"T3L, ascending, intersegmental",8B,73189610314091662,648518346504983155,[ 33904 182952    698]
16,2604,2023-07-22 01:03:59.542777+00:00,,t,"T3R, ascending, intersegmental",8B,73963391420860228,648518346502586791,[ 56640 175656    336]
17,2588,2023-07-22 01:03:59.208473+00:00,,t,"T3L, ascending, intersegmental",8B,73048804240496027,648518346499530587,[ 30312 180920    926]
18,2577,2023-07-10 00:42:14.214247+00:00,,t,"T2R, ascending, intersegmental",8B,73961674910386311,648518346496329789,[ 56328 123392   3151]
19,2574,2023-07-10 00:42:14.211204+00:00,,t,"T2L, ascending, intersegmental",8B,72624668771251736,648518346474435437,[ 18216 124872   3205]
20,2633,2023-07-22 01:04:00.161111+00:00,,t,"T1L, local",14A,73468062976012744,648518346482930729,[42816 92288  3235]
21,2685,2024-01-31 04:45:37.957509+00:00,,t,fragment,fragment,73822311408752442,648518346506264657,[ 51515 163997   2353]
22,2609,2023-07-22 01:03:59.648310+00:00,,t,"T1R, ascending, intersegmental",8B,73538431451557726,648518346466210608,[43448 93424  2714]
23,2592,2023-07-22 01:03:59.296749+00:00,,t,"T3L, ascending, intersegmental",8B,73259978924319888,648518346501459811,[ 35752 182712    515]
24,2598,2023-07-22 01:03:59.424771+00:00,,t,"T3L, ascending, intersegmental",8B,73893228969444254,648518346486977761,[ 53768 181424    636]
25,2619,2023-07-22 01:03:59.855869+00:00,,t,"T1L, local",12B,73398587719411182,648518346479677888,[ 39806 119438   3593]
26,2617,2023-07-22 01:03:59.815034+00:00,,t,"T1L, local",12B,73398656505894708,648518346517586756,[ 39128 122224   3665]
27,2573,2023-05-31 05:45:00.741538+00:00,,t,"T1L, ascending, intersegmental",unknown,72975344126517357,648518346491656902,[28501 88959  2905]
28,2583,2023-07-10 00:42:14.220230+00:00,,t,"T2B, intersegmental",0A/0B,72976168559104408,648518346486714244,[ 28385 113523   2555]
29,2578,2023-07-10 00:42:14.215223+00:00,,t,"T1B, intersegmental",0A/0B,73257919017667138,648518346477866647,[ 35448 121112   3703]
30,2612,2023-07-22 01:03:59.710552+00:00,,t,"T1L, local",12B,72554162789181553,648518346489847311,[ 16080 120808   3534]
31,2613,2023-07-22 01:03:59.731407+00:00,,t,"T1L, intersegmental",12B,72554162789181553,648518346489847311,[ 16080 120808   3534]
32,2620,2023-07-22 01:03:59.875928+00:00,,t,"T1L, ascending, intersegmental",12B,73398519067037574,648518346486741892,[ 40160 118608   3705]
33,2610,2023-07-22 01:03:59.670273+00:00,,t,"T1L, local",1B,72553544380983819,648518346518024040,[ 14720 100368   3694]
34,2706,2024-01-31 04:45:37.971061+00:00,,t,"T1L, ascending, intersegmental",10B,73186587865015110,648518346501389453,[34768 92792  2998]
35,2707,2024-01-31 04:45:37.971672+00:00,,t,"T1L, intersegmental",14A,73468131762542169,648518346501201308,[42720 94440  3395]
36,2705,2024-01-31 04:45:37.970441+00:00,,t,"T1L, ascending, intersegmental",7B,73116012828428043,648518346499757799,[32264 87912  2818]
37,2625,2023-07-22 01:03:59.985077+00:00,,t,"T1L, local",14A,73397762951537277,648518346509037119,[39224 94472  3336]
38,2614,2023-07-22 01:03:59.752826+00:00,,t,"T1L, ascending",12B,72765269155907876,648518346477888526,[ 20744 120528   3782]
39,2607,2023-07-22 01:03:59.604788+00:00,,t,"T3L, ascending, intersegmental",8B,74034103762427563,648518346495560374,[ 59008 186136    330]
40,2615,2023-07-22 01:03:59.772380+00:00,,t,"T1L, local",12B,72765337741251238,648518346504230862,[ 21782 122291   3554]
41,2616,2023-07-22 01:03:59.794035+00:00,,t,"T1L, ascending, intersegmental",12B,72835500528056479,648518346491114157,[ 23896 115368   3854]
42,2500,2023-02-26 21:25:08.757829+00:00,,t,"T1L, local",9A,73186450023479587,648518346509188474,[33696 89584  2228]
43,2590,2023-07-22 01:03:59.252371+00:00,,t,"T1L, ascending, intersegmental",8B,73186587663812879,648518346492790969,[32784 92568  2657]
44,2622,2023-07-22 01:03:59.919518+00:00,,t,"T1R, intersegmental",12B,73609694153370160,648518346480424614,[ 45904 120616   3968]
45,2686,2024-01-31 04:45:37.958239+00:00,,t,fragment,fragment,72342438215267258,648518346496291430,[  9949 101720   3740]
46,2717,2024-01-31 04:45:37.978679+00:00,,t,"T1R, ascending, intersegmental",unknown,73469025384283216,648518346499804135,[ 42256 122816   3898]
47,2684,2024-01-31 04:10:59.097713+00:00,,t,"T2R, local",9A,74032180959340184,648518346459644932,[ 58544 127192   2923]
48,2687,2024-01-31 04:45:37.959045+00:00,,t,fragment,fragment,73468612463573912,648518346494750485,[ 42849 108591   2819]
49,2688,2024-01-31 04:45:37.959711+00:00,,t,fragment,fragment,74386703934133111,648518346499556187,[ 68133 206884   1301]
50,2689,2024-01-31 04:45:37.960378+00:00,,t,fragment,fragment,73539187366032625,648518346510791193,[ 43919 114767   2743]
51,2690,2024-01-31 04:45:37.961016+00:00,,t,fragment,fragment,73539187366014162,648518346510788121,[ 43933 114801   2751]
52,2691,2024-01-31 04:45:37.961660+00:00,,t,fragment,fragment,73470124157571707,648518346432195026,[ 42679 153751   2458]
53,2692,2024-01-31 04:45:37.962314+00:00,,t,fragment,fragment,73399068621486921,648518346515894097,[ 40847 133829   3290]
54,2693,2024-01-31 04:45:37.962945+00:00,,t,fragment,fragment,73117524656876652,648518346483383884,[ 31185 131433   2804]
55,2694,2024-01-31 04:45:37.963557+00:00,,t,fragment,fragment,72764787716924545,648518346517682468,[ 21287 105721   3060]
56,2695,2024-01-31 04:45:37.964194+00:00,,t,fragment,fragment,73469368512045733,648518346496925954,[ 42065 131357   3065]
57,2696,2024-01-31 04:45:37.964804+00:00,,t,fragment,fragment,73399274444394143,648518346487092821,[ 39677 141215   2662]
58,2697,2024-01-31 04:45:37.965428+00:00,,t,fragment,fragment,72553612966200097,648518346479975141,[ 16201 104077   3414]
59,2698,2024-01-31 04:45:37.966161+00:00,,t,fragment,fragment,72553750270580858,648518346498450002,[ 14603 106631   3084]
60,2699,2024-01-31 04:45:37.966760+00:00,,t,fragment,fragment,73469299725291094,648518346474247289,[ 41539 130571   2860]
61,2700,2024-01-31 04:45:37.967386+00:00,,t,fragment,fragment,73540492901781664,648518346474649125,[ 43063 153911   2469]
62,2701,2024-01-31 04:45:37.967997+00:00,,t,fragment,fragment,73469368512031447,648518346488089111,[ 42079 131427   3064]
63,2702,2024-01-31 04:45:37.968614+00:00,,t,fragment,fragment,73540492901532877,648518346474576421,[ 43169 154421   2443]
64,2703,2024-01-31 04:45:37.969228+00:00,,t,fragment,fragment,72976787235559409,648518346490876392,[ 27221 131235   2899]
65,2704,2024-01-31 04:45:37.969826+00:00,,t,fragment,fragment,73188923924690524,648518346343047173,[ 33915 162141   2264]
66,2708,2024-01-31 04:45:37.972301+00:00,,t,"T1L, local",22A,72342849794132027,648518346501117289,[  8896 112912   2351]
67,2709,2024-01-31 04:45:37.972927+00:00,,t,"T1L, local",unknown,72694419039729528,648518346496171837,[ 19185 106201   3119]
68,2710,2024-01-31 04:45:37.974382+00:00,,t,"T1L, sensory",SN,72412806825403989,648518346502528083,[ 10763 102201   3509]
69,2586,2023-07-22 01:03:59.166776+00:00,,t,"T3L, ascending, intersegmental",12B,73471154412994576,648518346481078874,[ 42984 185536   1470]
70,2587,2023-07-22 01:03:59.188373+00:00,,t,"T3R, ascending, intersegmental",12B,73752698175943394,648518346498434097,[ 50152 187264   1547]
71,2711,2024-01-31 04:45:37.975008+00:00,,t,"T1R, intersegmental",9A,73678962312135039,648518346494595461,[47240 86352  1922]
72,2593,2023-07-22 01:03:59.318718+00:00,,t,"T3R, intersegmental",8B,73330760186369087,648518346477598684,[ 36890 195165    842]
73,2594,2023-07-22 01:03:59.340846+00:00,,t,"T3R, intersegmental",8B,73330691534065941,648518346483323812,[ 38296 193728    965]
74,2712,2024-01-31 04:45:37.975614+00:00,,t,"T1R, intersegmental",23B,73961399294336653,648518346478565492,[ 56944 115696   1783]
75,2713,2024-01-31 04:45:37.976252+00:00,,t,"T1R, local",9A,73538293744503144,648518346481506497,[44560 89984  2278]
76,2599,2023-07-22 01:03:59.446421+00:00,,t,"T3L, ascending, intersegmental",8B,73893160048533439,648518346506702370,[ 54272 179256    172]
77,2600,2023-07-22 01:03:59.466155+00:00,,t,"T3L, ascending, intersegmental",8B,73893847713089769,648518346466011696,[ 54304 199672   1145]
78,2714,2024-01-31 04:45:37.976874+00:00,,t,"T3R, local",9A,74455767008420898,648518346491650246,[ 70839 169793   1366]
79,2603,2023-07-22 01:03:59.523164+00:00,,t,"T3L, ascending, intersegmental",8B,73964010164568452,648518346490873773,[ 56248 193720    859]
80,2715,2024-01-31 04:45:37.977473+00:00,,t,"T2L, local",9A,72554437197322921,648518346506689314,[ 14656 127100   2668]
81,2716,2024-01-31 04:45:37.978088+00:00,,t,"T2L, local",9A,72554368544819106,648518346471899291,[ 14392 125948   2723]
82,2718,2024-01-31 04:45:37.979285+00:00,,t,"T2R, intersegmental",23B,74032798696216088,648518346517564708,[ 57744 145704   1470]
83,2611,2023-07-22 01:03:59.690129+00:00,,t,"T1L, local",1B,72553475661402779,648518346475413089,[15408 99208  3658]
84,2719,2024-01-31 04:45:37.979912+00:00,,t,"T3B, intersegmental",0A/0B,73682466871041012,648518346486778876,[ 49088 192392   1589]
85,2720,2024-01-31 04:45:37.980506+00:00,,t,"T3L, intersegmental",23B,73048391655284829,648518346494727813,[ 28745 169607    459]
86,2721,2024-01-31 04:45:37.981122+00:00,,t,"T3L, local",9A,72837699081588003,648518346488683342,[ 22592 180960   2954]
87,2618,2023-07-22 01:03:59.835718+00:00,,t,"T1L, ascending",12B,73398656438785932,648518346479892980,[ 39200 120872   3552]
88,2621,2023-07-22 01:03:59.896473+00:00,,t,"T1L, local",12B,73539325341843949,648518346494758819,[ 43552 120668   3781]
89,2624,2023-07-22 01:03:59.964275+00:00,,t,"T1L, local",14A,73327394274412520,648518346494033294,[37352 94224  3444]
90,2626,2023-07-22 01:04:00.007157+00:00,,t,"T1L, local",14A,73397831670908465,648518346494495720,[39368 97008  3317]
91,2627,2023-07-22 01:04:00.030122+00:00,,t,"T1L, local",14A,73397694231856313,648518346500414524,[39626 93012  3261]
92,2628,2023-07-22 01:04:00.052582+00:00,,t,"T1L, local",14A,73397694231868304,648518346486538116,[40912 92624  3274]
93,2629,2023-07-22 01:04:00.075083+00:00,,t,"T1L, local",14A,73467994256635437,648518346490150097,[41672 90499  3293]
94,2630,2023-07-22 01:04:00.097317+00:00,,t,"T1L, local",14A,73467994323657215,648518346498006682,[41768 91216  3380]
95,2631,2023-07-22 01:04:00.118724+00:00,,t,"T1L, local",14A,73467994189638372,648518346494600981,[42071 90550  3197]
96,2634,2023-07-22 01:04:00.182318+00:00,,t,"T1L, local",14A,73538431854297662,648518346482964966,[43144 92168  3475]
97,2635,2023-07-22 01:04:00.204097+00:00,,t,"T1L, local",14A,73538363000729919,648518346498563568,[43536 91552  3263]
98,2636,2023-07-22 01:04:00.224848+00:00,,t,"T1R, intersegmental",14A,73538431720261344,648518346500537148,[43600 93568  3287]
99,2667,2023-07-22 01:04:00.866991+00:00,,t,"T1L, local",19A,72624255447535625,648518346501414166,[ 17936 111048   1274]
100,2637,2023-07-22 01:04:00.244109+00:00,,t,"T1L, local",14A,73538363067819759,648518346489789015,[44796 90971  3380]
101,2638,2023-07-22 01:04:00.263378+00:00,,t,"T1L, local",14A,73608663025474041,648518346477765271,[45247 89901  3288]
102,2639,2023-07-22 01:04:00.283416+00:00,,t,"T1L, local",14A,73608731744965663,648518346471931035,[45408 90912  3287]
103,2640,2023-07-22 01:04:00.302959+00:00,,t,"T1L, local",14A,73608800598488098,648518346517457476,[45674 93055  3492]
104,2641,2023-07-22 01:04:00.324432+00:00,,t,"T1L, local",14A,73608663025514876,648518346496052070,[45824 89088  3315]
105,2643,2023-07-22 01:04:00.369724+00:00,,t,"T1L, local",14A,72835225180526604,648518346481248858,[ 23587 107237   3035]
106,2645,2023-07-22 01:04:00.411722+00:00,,t,"T1L, local",13B,73257369261764814,648518346494034720,[ 36144 105981   3660]
107,2666,2023-07-22 01:04:00.846595+00:00,,t,"T1L, local",19A,72624324234105506,648518346496359485,[ 17864 113056   1408]
108,2659,2023-07-22 01:04:00.703835+00:00,,t,"T3L, intersegmental",9A,73048941679314270,648518346488088855,[ 30128 184584    912]
109,2670,2023-07-22 01:04:00.928753+00:00,,t,"T1L, local",19A,72624324166835689,648518346491849128,[ 17034 114601   1197]
110,2655,2023-07-22 01:04:00.618764+00:00,,t,"T3L, intersegmental",9A,72978573002176641,648518346487961936,[ 27521 186096   1037]
111,2656,2023-07-22 01:04:00.640890+00:00,,t,"T3L, intersegmental",9A,72978435496310344,648518346496957668,[ 28656 181920    936]
112,2657,2023-07-22 01:04:00.663713+00:00,,t,"T3L, intersegmental",9A,73189679167850496,648518346479951589,[ 33128 184368    964]
113,2658,2023-07-22 01:04:00.684230+00:00,,t,"T3L, intersegmental",9A,73119310423582884,648518346490181384,[ 30744 185792    941]
114,2669,2023-07-22 01:04:00.907344+00:00,,t,"T1L, local",19A,72553955489858809,648518346481710273,[ 15216 114208   1355]
115,2660,2023-07-22 01:04:00.725816+00:00,,t,"T1L, local",8A,73045712467667984,648518346524147717,[29968 88168  2066]
116,2646,2023-07-22 01:04:00.435099+00:00,,t,"T1L, intersegmental",13B,73257369261699105,648518346497880310,[ 36176 104592   3625]
117,2662,2023-07-22 01:04:00.765628+00:00,,t,"T1L, local",unknown,72272480915474549,648518346495481014,[  7800 113776   2061]
118,2663,2023-07-22 01:04:00.786600+00:00,,t,"T1L, local",unknown,72553681215834346,648518346508712663,[ 15440 105153   2486]
119,2652,2023-07-22 01:04:00.557793+00:00,,t,"T1L, local",13B,73257506767912362,648518346489648837,[ 36040 109720   3839]
120,2725,2024-01-31 04:45:37.983656+00:00,,t,"T3R, intersegmental",8B,74174635092405233,648518346500697781,[ 62080 178248    366]
121,2665,2023-07-22 01:04:00.826026+00:00,,t,"T1L, local",19A,72553749331447479,648518346490888957,[ 14818 106640   1414]
122,2671,2023-07-22 01:04:00.951470+00:00,,t,"T1L, intersegmental",9A,73326912700992866,648518346497895015,[37301 80534  2344]
123,2672,2023-07-22 01:04:00.972881+00:00,,t,"T1L, intersegmental",9A,73327050274206412,648518346489764403,[37608 84496  2641]
124,2673,2023-07-22 01:04:00.993294+00:00,,t,"T1R, intersegmental",9A,73679099952277578,648518346465075317,[47848 90224  2246]
125,2674,2023-07-22 01:04:01.012297+00:00,,t,"T2R, intersegmental",9A,74102412197374371,648518346512252206,[ 61344 123928   2752]
126,2675,2023-07-22 01:04:01.031565+00:00,,t,"T2L, local",9A,72343330427892830,648518346480626689,[  9969 128961   1602]
127,2676,2023-07-22 01:04:01.052069+00:00,,t,"T2R, intersegmental",9A,74102412130299755,648518346487724866,[ 61216 124464   2648]
128,2648,2023-07-22 01:04:00.478663+00:00,,t,"T1L, local",13B,73327462993659578,648518346486783620,[37725 96789  3378]
129,2678,2023-07-22 01:04:01.091725+00:00,,t,"U, ascending, intersegmental",9B,73753316450262311,648518346494916490,[ 49840 205848   1248]
130,2679,2023-07-22 01:04:01.110509+00:00,,t,"T1L, ascending, intersegmental",10B,73186519078433679,648518346488820209,[34432 91176  2845]
131,2651,2023-07-22 01:04:00.538760+00:00,,t,"T1L, local",13B,73397763018625428,648518346495020203,[40788 94295  3453]
132,2682,2023-07-22 01:04:01.169446+00:00,,t,"T1L, local",1B,72905456888370230,648518346470497278,[ 25389 104127   3796]
133,2683,2023-07-22 01:04:01.188593+00:00,,t,"T1L, local",19A,72342780873548809,648518346499137601,[  8984 112216   2049]
134,2680,2023-07-22 01:04:01.129287+00:00,,t,"T3L, ascending, intersegmental",9B,73892885237585074,648518346490385105,[ 54872 171552    271]
135,2644,2023-07-22 01:04:00.390240+00:00,,t,"T1L, local",13B,73257575486873810,648518346493052078,[ 35864 110920   3737]
136,2681,2023-07-22 01:04:01.148470+00:00,,t,"T1L, intersegmental",5B,72554093331407217,648518346519034591,[ 15032 117424   2128]
137,2642,2023-07-22 01:04:00.346997+00:00,,t,"T1L, local",14A,73608731812007582,648518346496315594,[46256 91040  3390]
138,2647,2023-07-22 01:04:00.457135+00:00,,t,"T1L, local",13B,73327944164338100,648518346504946035,[ 37084 111802   3667]
139,2668,2023-07-22 01:04:00.887173+00:00,,t,"T1L, local",19A,72483311934670370,648518346500275711,[ 13729 105977   1478]
140,2722,2024-01-31 04:45:37.981707+00:00,,t,"T3L, local",9A,72767398922816051,648518346493246640,[ 20968 182552   2771]
141,2653,2023-07-22 01:04:00.576800+00:00,,t,"T1L, local",13B,73257231822739247,648518346495576502,[ 35760 101272   3642]
142,2661,2023-07-22 01:04:00.745314+00:00,,t,"T1L, intersegmental",19A,72483586880055877,648518346488904888,[ 14092 113893   1659]
143,2723,2024-01-31 04:45:37.982433+00:00,,t,"T3L, local",9A,72767399056965094,648518346494239755,[ 22280 182736   2981]
144,2724,2024-01-31 04:45:37.983062+00:00,,t,"T3R, intersegmental",8B,74244866397594432,648518346517550122,[ 65200 175592    374]
145,2726,2024-01-31 04:45:37.984296+00:00,,t,"T3R, intersegmental",8B,74104335000597537,648518346487714539,[ 60904 181304    238]
146,2727,2024-01-31 04:45:37.984903+00:00,,t,"T3R, intersegmental",8B,74245003836837435,648518346484837965,[ 64040 180112    388]
147,2728,2024-01-31 04:45:37.985487+00:00,,t,"T3R, intersegmental",8B,74244866397803069,648518346517550122,[ 65209 175589    387]
148,2729,2024-01-31 04:45:37.986083+00:00,,t,"T3R, intersegmental",8B,73963528926885212,648518346487948500,[ 56609 179240    459]
149,2730,2024-01-31 04:45:37.986669+00:00,,t,"T3R, intersegmental",8B,74104197628656566,648518346478873428,[ 59400 177584    316]
150,2731,2024-01-31 04:45:37.987272+00:00,,t,"T3R, intersegmental",23B,73892610360010314,648518346472661451,[ 54398 163296    377]
151,2732,2024-01-31 04:45:37.987866+00:00,,t,"T3R, local",unknown,74034654055051026,648518346486806063,[ 57772 201123   1352]
152,2733,2024-01-31 04:45:37.988459+00:00,,t,"T3R, local",9A,74526273124329611,648518346494685429,[ 71688 172672   1271]
153,2734,2024-01-31 04:45:37.989062+00:00,,t,"T3R, local",9A,74455973636655539,648518346499555675,[ 70104 174168   2230]
154,2735,2024-01-31 04:45:37.989656+00:00,,t,"T3R, sensory",SN,74386635214712046,648518346478873684,[ 68127 206599   1301]
155,2677,2023-07-22 01:04:01.072144+00:00,,t,"T1R, intersegmental",5B,73961400300906099,648518346481891487,[ 55960 115288   3669]
156,2654,2023-07-22 01:04:00.595371+00:00,,t,"T1L, local",13B,73116356694163134,648518346500717528,[31784 97224  3286]
157,2664,2023-07-22 01:04:00.806737+00:00,,t,"T1L, local",19A,72553886770317909,648518346510192422,[ 14554 111993   1354]
158,2650,2023-07-22 01:04:00.519256+00:00,,t,"T1L, local",13B,73397763085622241,648518346486973436,[40105 95945  3557]
159,2649,2023-07-22 01:04:00.498551+00:00,,t,"T1L, local",13B,73397831872081018,648518346487925314,[39770 97443  3607]
160,315,2023-02-06 16:21:11.286751+00:00,,t,"T1L, local",9A,73256681395566269,648518346491100449,[35365 85789  2321]
161,2512,2023-02-26 21:41:10.643262+00:00,,t,"T1L, local",22A,72342850062271095,648518346483497380,[  8856 112984   2827]
162,2520,2023-02-26 21:41:10.649927+00:00,,t,"T1R, intersegmental",5B,73539394061429925,648518346494031502,[ 44632 122128   3838]
163,2519,2023-02-26 21:41:10.649108+00:00,,t,"T1L, ascending, intersegmental",5B,72906143948900120,648518346509763459,[ 26504 122912   3483]
164,2513,2023-02-26 21:41:10.644102+00:00,,t,"T1L, local",22A,72272412464653217,648518346515781882,[  7435 112542   2612]
165,2516,2023-02-26 21:41:10.646604+00:00,,t,"T1L, local",3A,72342987434442952,648518346497059044,[ 10080 118728   2721]
166,2508,2023-02-26 21:41:10.639710+00:00,,t,"T2R, local",1B,74103512447259966,648518346459642628,[ 59824 156664   4217]
167,2509,2023-02-26 21:41:10.640539+00:00,,t,"T1L, local",1B,72694694253176192,648518346491006755,[ 20224 114336   3759]
168,2510,2023-02-26 21:41:10.641390+00:00,,t,"T1L, intersegmental",21A,72342918379596472,648518346493196828,[  8592 115640   2176]
169,2507,2023-02-26 21:41:10.638870+00:00,,t,"T3L, intersegmental",18B,73118416869089959,648518346489566297,[ 30952 158880    549]
170,2518,2023-02-26 21:41:10.648275+00:00,,t,"T1L, local",4B,73046125590202216,648518346491625658,[ 29498 101293   3652]
171,2517,2023-02-26 21:41:10.647433+00:00,,t,"T2R, intersegmental",3A,74385055405213052,648518346491956107,[ 68696 159080   2807]
172,2503,2023-02-26 21:41:10.635503+00:00,,t,"T2R, local",13A,73680475348395663,648518346489805273,[ 48600 131296   4147]
173,2514,2023-02-26 21:41:10.644924+00:00,,t,"T1L, intersegmental",23B,72694830417120557,648518346504226856,[ 19096 118144   1337]
174,2521,2023-02-26 21:41:10.650766+00:00,,t,"T1L, intersegmental",5B,72835775271893566,648518346496344893,[ 23976 123128   3633]
175,2522,2023-02-26 21:41:10.651591+00:00,,t,"T1L, intersegmental",5B,72765337808511637,648518346486667469,[ 20768 122696   3719]
176,2501,2023-02-26 21:41:10.633763+00:00,,t,"T2R, intersegmental",10B,73398725426702485,648518346490658557,[ 39632 123600   4026]
177,2502,2023-02-26 21:41:10.634652+00:00,,t,"T1L, intersegmental",10B,73186587865161760,648518346499141185,[33032 92224  3072]
178,137,2023-02-06 16:21:11.116496+00:00,,t,"T1L, local",13A,72553269234595732,648518346472722185,[14392 92936  3157]
179,144,2023-02-06 16:21:11.122471+00:00,,t,"T1L, local",13A,72482900490417798,648518346472722185,[14255 92854  3145]
180,226,2023-02-06 16:21:11.201851+00:00,,t,"T1L, intersegmental",21A,72272549568079935,648518346509377402,[  7536 115416   1963]
181,224,2023-02-06 16:21:11.199751+00:00,,t,"T1L, local",21A,72272618354809716,648518346489964505,[  6904 118256   2136]
182,147,2023-02-06 16:21:11.124968+00:00,,t,"T1L, intersegmental",13A,72905181808826383,648518346491793832,[26288 94336  3338]
183,183,2023-02-06 16:21:11.157106+00:00,,t,"T3R, intersegmental",18B,73892472987914100,648518346492565119,[ 53896 159480    432]
184,266,2023-02-06 16:21:11.239285+00:00,,t,"T1L, intersegmental",23B,72624393087676930,648518346496014736,[ 18413 116199   1633]
185,2526,2023-02-26 21:41:10.655107+00:00,,t,fragment,fragment,72624119082087914,648518346501545571,[ 17561 106997   3228]
186,2523,2023-02-26 21:41:10.652595+00:00,,t,"T1L, intersegmental",8A,72553199843891727,648518346479396796,[15544 91680  1905]
187,214,2023-02-06 16:21:11.189807+00:00,,t,"T1L, local",1B,72553956697795895,648518346496726908,[ 16320 114288   3646]
188,2524,2023-02-26 21:41:10.653430+00:00,,t,"T2R, local",9A,73961812349212539,648518346486547121,[ 55992 127752   3101]
189,2527,2023-02-26 21:41:10.655932+00:00,,t,fragment,fragment,72624050429844844,648518346481117207,[ 17251 104457   3399]
190,218,2023-02-06 16:21:11.193484+00:00,,t,"T1L, local",20A,72483725325517796,648518346512226751,[ 13328 117568   3525]
191,1,2023-02-06 16:21:10.992031+00:00,,t,"T2B, intersegmental",0A/0B,72976787772504597,648518346490104091,[ 28280 132616   3949]
192,219,2023-02-06 16:21:11.194372+00:00,,t,"T1L, local ",20A,72483656605991130,648518346485508627,[ 14184 116312   3512]
193,2560,2023-02-26 21:41:10.684674+00:00,,t,"T1L, intersegmental",unknown,73186518608996937,648518346499306561,[33148 91832  2055]
194,2565,2023-02-26 21:41:10.689695+00:00,,t,"T1L, local",unknown,72975275406733138,648518346496976868,[27678 87400  2841]
195,2570,2023-02-26 21:41:10.694166+00:00,,t,"T1L, local",unknown,72624050631179163,648518346486417056,[ 17442 105159   3806]
196,2563,2023-02-26 21:41:10.687849+00:00,,t,"T2R, intersegmental",unknown,73540287414564161,648518346477721102,[ 43112 147800   3809]
197,2542,2023-02-26 21:41:10.669347+00:00,,t,"T1L, MN",MN,72553200313986723,648518346477229768,[16216 91840  2825]
198,2567,2023-02-26 21:41:10.691573+00:00,,t,"T1R, intersegmental",unknown,73679099885233180,648518346510024506,[47480 90504  2159]
199,2541,2023-02-26 21:41:10.668505+00:00,,t,"T1L, MN",MN,72764237692515568,648518346466833006,[21000 88896  2514]
200,2572,2023-02-26 21:41:10.695821+00:00,,t,"T1L, intersegmental",unknown,73467925000272044,648518346501337878,[41200 89265  2259]
201,2569,2023-02-26 21:41:10.693308+00:00,,t,"T1L, intersegmental",unknown,73256887621560322,648518346495840418,[35936 90240  2564]
202,2566,2023-02-26 21:41:10.690571+00:00,,t,"T3R, ascending, intersegmental",unknown,74103579488956251,648518346480110580,[ 61048 158352    971]
203,2556,2023-02-26 21:41:10.681232+00:00,,t,"T1L, ascending, intersegmental",unknown,73186518742662220,648518346500075660,[32928 91112  2198]
204,2545,2023-02-26 21:41:10.671830+00:00,,t,"T1L, sensory",sensory,72624050429564642,648518346504877171,[ 17379 105649   3341]
205,2562,2023-02-26 21:41:10.686880+00:00,,t,"T2L, intersegmental",unknown,73961812215120472,648518346489156842,[ 56448 128216   2912]
206,2551,2023-02-26 21:41:10.677042+00:00,,t,"T3L, intersegmental",unknown,73963528859748517,648518346486294468,[ 55504 179888    293]
207,2546,2023-02-26 21:41:10.672657+00:00,,t,"T1L, sensory",sensory,72342438148311389,648518346494933170,[ 10164 100758   3624]
208,2548,2023-02-26 21:41:10.674497+00:00,,t,"T1L, sensory",sensory,72482831636754478,648518346499992716,[12942 91984  2917]
209,2555,2023-02-26 21:41:10.680387+00:00,,t,"T1L, ascending, intersegmental",unknown,72694898935288953,648518346496333836,[ 18824 120432    944]
210,2550,2023-02-26 21:41:10.676215+00:00,,t,"T1L, local",unknown,72834675357590858,648518346489023210,[24400 91376  2874]
211,2547,2023-02-26 21:41:10.673490+00:00,,t,"T1L, sensory",sensory,72272206775924154,648518346467147246,[  7709 104579   3572]
212,2568,2023-02-26 21:41:10.692439+00:00,,t,"T1L, local",unknown,72764237893846644,648518346474656450,[21504 89596  2847]
213,2531,2023-02-26 21:41:10.659591+00:00,,t,fragment,fragment,72553681618451714,648518346476977472,[ 14829 104509   3238]
214,2532,2023-02-26 21:41:10.660465+00:00,,t,fragment,fragment,72553612899198826,648518346476291487,[ 14861 102935   3326]
215,2533,2023-02-26 21:41:10.661316+00:00,,t,fragment,fragment,72483244155020554,648518346478611060,[ 12887 102615   3317]
216,2534,2023-02-26 21:41:10.662148+00:00,,t,fragment,fragment,72835156460850195,648518346518423382,[ 23631 105825   2964]
217,2535,2023-02-26 21:41:10.662974+00:00,,t,fragment,fragment,72553818923379012,648518346379776918,[ 14759 109459   3047]
218,2536,2023-02-26 21:41:10.664022+00:00,,t,fragment,fragment,72342712556436319,648518346472496075,[  9079 110505   2717]
219,2537,2023-02-26 21:41:10.665044+00:00,,t,fragment,fragment,72905525071215250,648518346497885957,[ 24763 105753   2825]
220,2538,2023-02-26 21:41:10.665983+00:00,,t,fragment,fragment,72553750270908480,648518346491473400,[ 14849 106671   3132]
221,2539,2023-02-26 21:41:10.666823+00:00,,t,fragment,fragment,72413150087184389,648518346495613858,[ 11151 111849   2843]
222,2540,2023-02-26 21:41:10.667662+00:00,,t,fragment,fragment,72342712288187960,648518346491382581,[  9113 110049   2285]
223,2543,2023-02-26 21:41:10.670171+00:00,,t,"T1L, sensory",sensory,72412806892452621,648518346475299896,[ 11422 100968   3609]
224,2544,2023-02-26 21:41:10.670989+00:00,,t,"T1L, sensory",sensory,72342438215388993,648518346489732703,[  9784 100999   3740]
225,2552,2023-02-26 21:41:10.677880+00:00,,t,"T2L, intersegmental",unknown,74032180892312782,648518346480963584,[ 57440 128720   2810]
226,2553,2023-02-26 21:41:10.678711+00:00,,t,"T2L, intersegmental",unknown,72907106021898415,648518346491568958,[ 25560 152184   3593]
227,2571,2023-02-26 21:41:10.694990+00:00,,t,"T1L, intersegmental",unknown,72553750270869170,648518346491126817,[ 14589 108153   3117]
228,256,2023-02-06 16:21:11.230024+00:00,,t,"T1L, local",22A,72342918916357523,648518346482309524,[  9688 115176   3193]
229,2528,2023-02-26 21:41:10.656791+00:00,,t,fragment,fragment,72553818923304179,648518346497728246,[ 15881 108700   3023]
230,2529,2023-02-26 21:41:10.657633+00:00,,t,fragment,fragment,72342712556478985,648518346491012899,[  9377 110535   2737]
231,2530,2023-02-26 21:41:10.658601+00:00,,t,fragment,fragment,72624050295715482,648518346494220283,[ 17955 105743   3181]
232,230,2023-02-06 16:21:11.206180+00:00,,t,"T1L, local",21A,72272618421959570,648518346526360791,[  8064 117168   2307]
233,463,2023-02-06 16:21:11.420337+00:00,,t,"T1L, MN",MN,72904837406360841,648518346507389983,[24703 85715  1813]
234,325,2023-02-06 16:21:11.295974+00:00,,t,"T1L, local",9A,73327050140005922,648518346498002535,[37160 84933  2376]
235,12,2023-02-06 16:21:11.002688+00:00,,t,"T1B, intersegmental",0A/0B,73187550206232539,648518346492136492,[ 34556 122704   3532]
236,2,2023-02-06 16:21:10.993025+00:00,,t,"T2B, intersegmental",0A/0B,73047225303313672,648518346479342780,[ 29616 133472   4103]
237,24,2023-02-06 16:21:11.013487+00:00,,t,"T3B, intersegmental",0A/0B,73752766895666224,648518346494801397,[ 49672 190321   1569]
238,17,2023-02-06 16:21:11.007068+00:00,,t,"T2B, intersegmental",0A/0B,73329180376671109,648518346490016183,[ 37712 148592   2220]
239,18,2023-02-06 16:21:11.007994+00:00,,t,"T2B, intersegmental",0A/0B,73329317748419658,648518346492140076,[ 37832 151600   2072]
240,14,2023-02-06 16:21:11.004409+00:00,,t,"T1B, intersegmental",0A/0B,73257918950442344,648518346487757122,[ 35280 121328   3542]
241,8,2023-02-06 16:21:10.998547+00:00,,t,"T1B, intersegmental",0A/0B,73117113011140244,648518346502508711,[ 32744 118888   4078]
242,19,2023-02-06 16:21:11.008863+00:00,,t,"T3B, intersegmental",0A/0B,73541591742370834,648518346471899547,[ 44248 188040   1254]
243,9,2023-02-06 16:21:10.999660+00:00,,t,"T1B, intersegmental",0A/0B,73187412834490290,648518346499958156,[ 32992 117592   3698]
244,141,2023-02-06 16:21:11.119916+00:00,,t,"T1L, local",13A,72834744278472685,648518346500132614,[24048 93712  3295]
245,225,2023-02-06 16:21:11.200658+00:00,,t,"T1L, local",21A,72272618287646168,648518346498344346,[  6949 116960   1996]
246,11,2023-02-06 16:21:11.001789+00:00,,t,"T2B, intersegmental",0A/0B,73188237535266779,648518346489007453,[ 34368 142568   3791]
247,3,2023-02-06 16:21:10.993922+00:00,,t,"T1B, intersegmental",0A/0B,73117113011096416,648518346499902531,[ 30808 119032   4048]
248,4,2023-02-06 16:21:10.994793+00:00,,t,"T2B, intersegmental",0A/0B,73117800138742283,648518346481634463,[ 30992 140496   3946]
249,5,2023-02-06 16:21:10.995681+00:00,,t,"T1B, intersegmental",0A/0B,73117112943906294,648518346521550329,[ 31248 120024   3916]
250,7,2023-02-06 16:21:10.997546+00:00,,t,"T1B, intersegmental",0A/0B,73117181395003570,648518346499440615,[ 31480 121954   3452]
251,262,2023-02-06 16:21:11.235545+00:00,,t,"T1L, intersegmental",23B,72554024276625819,648518346482935973,[ 16240 116341   1537]
252,10,2023-02-06 16:21:11.000578+00:00,,t,"T1B, intersegmental",0A/0B,73187481688093191,648518346490337290,[ 34032 120632   3888]
253,23,2023-02-06 16:21:11.012614+00:00,,t,"T3B, intersegmental",0A/0B,73682398151257778,648518346492148780,[ 47270 189711   1546]
254,16,2023-02-06 16:21:11.006147+00:00,,t,"T1B, intersegmental",0A/0B,73257987602826346,648518346492697531,[ 36284 123456   3425]
255,20,2023-02-06 16:21:11.009724+00:00,,t,"T3B, intersegmental",0A/0B,73611823114633315,648518346482260628,[ 46058 183011   1327]
256,21,2023-02-06 16:21:11.010581+00:00,,t,"T3B, intersegmental",0A/0B,73612166846335456,648518346473084516,[ 46064 194200   1581]
257,22,2023-02-06 16:21:11.011424+00:00,,t,"T3B, intersegmental",0A/0B,73611960620850420,648518346489569132,[ 46838 187343   1486]
258,13,2023-02-06 16:21:11.003561+00:00,,t,"T1B, intersegmental",0A/0B,73257850432309893,648518346491215992,[ 35193 120315   3935]
259,27,2023-02-06 16:21:11.016076+00:00,,t,"T2L, ascending, intersegmental",10B,72906212668573235,648518346511268149,[ 24848 125896   3555]
260,28,2023-02-06 16:21:11.016951+00:00,,t,"T2L, ascending, intersegmental",10B,72906350107408012,648518346499137345,[ 26000 129936   3534]
261,29,2023-02-06 16:21:11.017802+00:00,,t,"T2L, ascending, intersegmental",10B,72906212668281948,648518346517772136,[ 26256 126944   3480]
262,30,2023-02-06 16:21:11.018667+00:00,,t,"T2L, intersegmental",10B,72976650199144256,648518346481398927,[ 26961 128127   3610]
263,31,2023-02-06 16:21:11.019523+00:00,,t,"T2L, ascending, intersegmental",10B,72976512760217803,648518346483682965,[ 27072 123512   3656]
264,32,2023-02-06 16:21:11.020641+00:00,,t,"T3L, ascending, intersegmental",10B,73048667807881960,648518346499724869,[ 29128 177096   2839]
265,33,2023-02-06 16:21:11.021755+00:00,,t,"T1L, intersegmental",10B,73045850376843483,648518346520296785,[30168 92984  3055]
266,6,2023-02-06 16:21:10.996608+00:00,,t,"T1B, intersegmental",0A/0B,73117181394837163,648518346497061092,[ 31288 122288   3354]
267,53,2023-02-06 16:21:11.040401+00:00,,t,"T1L, intersegmental",10B,73256819036110014,648518346477749655,[35208 89472  2766]
268,15,2023-02-06 16:21:11.005282+00:00,,t,"T2B, intersegmental",0A/0B,73258949406937163,648518346496171788,[ 36187 153366   2862]
269,35,2023-02-06 16:21:11.023998+00:00,,t,"T1L, intersegmental",10B,73116150334524332,648518346489433689,[31032 91248  2948]
270,38,2023-02-06 16:21:11.026747+00:00,,t,"T1L, ascending, intersegmental",10B,73116287840242051,648518346481263717,[32048 96064  3012]
271,39,2023-02-06 16:21:11.027659+00:00,,t,"T1L, intersegmental",10B,73116219053878055,648518346499141441,[32252 92616  2927]
272,40,2023-02-06 16:21:11.028549+00:00,,t,"T1L, intersegmental",10B,73116150334481252,648518346491969931,[32636 90792  2943]
273,41,2023-02-06 16:21:11.029430+00:00,,t,"T1L, intersegmental",10B,73116081614839078,648518346490436956,[32704 89536  2865]
274,42,2023-02-06 16:21:11.030314+00:00,,t,"T1L, intersegmental",10B,73186587798027927,648518346502483782,[33020 93692  2893]
275,148,2023-02-06 16:21:11.126041+00:00,,t,"T1L, local",13A,72975412980296101,648518346500029439,[26720 90856  3149]
276,44,2023-02-06 16:21:11.032084+00:00,,t,"T1L, intersegmental",10B,73186519078656031,648518346481699517,[33532 92144  2937]
277,45,2023-02-06 16:21:11.032962+00:00,,t,"T1L, intersegmental",10B,73186587798093193,648518346474236781,[33916 92960  2916]
278,46,2023-02-06 16:21:11.033882+00:00,,t,"T1L, intersegmental",10B,73186450426056929,648518346499432795,[34008 89240  2968]
279,48,2023-02-06 16:21:11.036049+00:00,,t,"T1L, intersegmental",10B,73186725371050705,648518346498238290,[34360 96328  3086]
280,51,2023-02-06 16:21:11.038675+00:00,,t,"T1L, intersegmental",10B,73186519078589427,648518346514384583,[34624 90512  2910]
281,55,2023-02-06 16:21:11.042147+00:00,,t,"T1L, intersegmental",10B,73256887822784758,648518346500414780,[35304 91416  2920]
282,58,2023-02-06 16:21:11.044742+00:00,,t,"T1L, ascending, intersegmental",10B,73256750383691220,648518346493882681,[35480 87064  2878]
283,201,2023-02-06 16:21:11.176787+00:00,,t,"T1L, local",19B,73961467946700495,648518346489985111,[ 55488 118712   1647]
284,60,2023-02-06 16:21:11.046748+00:00,,t,"T1L, intersegmental",10B,73256887755732528,648518346493825393,[35496 91968  2819]
285,61,2023-02-06 16:21:11.047682+00:00,,t,"T1L, intersegmental",10B,73256819103183170,648518346501839210,[35560 90008  2860]
286,63,2023-02-06 16:21:11.049397+00:00,,t,"T1L, intersegmental",10B,73256750316698376,648518346487484563,[36271 87037  2774]
287,64,2023-02-06 16:21:11.050267+00:00,,t,"T1L, intersegmental",10B,73257025194494271,648518346486850275,[36486 94878  2771]
288,65,2023-02-06 16:21:11.051130+00:00,,t,"T1L, intersegmental",10B,73256956542122046,648518346488420079,[36672 93360  2861]
289,66,2023-02-06 16:21:11.051996+00:00,,t,"T1L, intersegmental",10B,73256750316812823,648518346499842444,[36688 87784  2805]
290,69,2023-02-06 16:21:11.054785+00:00,,t,"T2R, intersegmental",10B,73398725493699260,648518346485910654,[ 39544 123056   4130]
291,70,2023-02-06 16:21:11.055656+00:00,,t,"T2R, ascending, intersegmental",10B,73398793944843518,648518346496990616,[ 39584 125760   3654]
292,72,2023-02-06 16:21:11.058595+00:00,,t,"T2R, intersegmental",10B,73398931518000909,648518346499864972,[ 39632 129544   3909]
293,73,2023-02-06 16:21:11.059479+00:00,,t,"T2R, intersegmental",10B,73398862865573491,648518346467248647,[ 39720 127544   4000]
294,74,2023-02-06 16:21:11.060323+00:00,,t,"T2R, ascending, intersegmental",10B,73398931383698876,648518346499897667,[ 39872 129344   3615]
295,34,2023-02-06 16:21:11.022733+00:00,,t,"T1L, intersegmental",10B,73116150401392949,648518346497163692,[30760 92136  2998]
296,76,2023-02-06 16:21:11.062020+00:00,,t,"T2R, intersegmental",10B,73398725359479205,648518346487908887,[ 40024 124658   3867]
297,78,2023-02-06 16:21:11.063769+00:00,,t,"T2R, intersegmental",10B,73398862798704353,648518346504007630,[ 40216 128672   3958]
298,37,2023-02-06 16:21:11.025835+00:00,,t,"T1L, ascending, intersegmental",10B,73116219120991449,648518346491839249,[31656 93648  3053]
299,80,2023-02-06 16:21:11.065489+00:00,,t,"T2R, intersegmental",10B,73398794213230517,648518346480614401,[ 40424 125640   4160]
300,81,2023-02-06 16:21:11.066346+00:00,,t,"T2R, intersegmental",10B,73398725493724838,648518346509715514,[ 40904 122960   4124]
301,82,2023-02-06 16:21:11.067194+00:00,,t,"T2R, intersegmental",10B,73469300262283995,648518346465071989,[ 41168 129656   3936]
302,84,2023-02-06 16:21:11.068919+00:00,,t,"T2R, intersegmental",10B,73469231676883182,648518346496360533,[ 41928 128744   4141]
303,85,2023-02-06 16:21:11.070046+00:00,,t,"T2R, intersegmental",10B,73469231676975646,648518346515738442,[ 42416 127952   4193]
304,86,2023-02-06 16:21:11.070904+00:00,,t,"T2R, ascending, intersegmental",10B,73469094170838492,648518346517295653,[ 42624 124000   4032]
305,49,2023-02-06 16:21:11.036926+00:00,,t,"T1L, ascending, intersegmental",10B,73186450359052006,648518346517577540,[34424 89688  2875]
306,52,2023-02-06 16:21:11.039542+00:00,,t,"T1L, ascending, intersegmental",10B,73186656517468028,648518346459874052,[34752 95868  2879]
307,92,2023-02-06 16:21:11.076177+00:00,,t,"T3R, ascending, intersegmental",10B,73963186403326986,648518346494201991,[ 57040 169616   2553]
308,93,2023-02-06 16:21:11.077044+00:00,,t,"T3R, ascending, intersegmental",10B,74315442508096036,648518346514235435,[ 67040 180848   2588]
309,95,2023-02-06 16:21:11.078933+00:00,,t,"T2R, intersegmental",10B,73469300329230780,648518346484250407,[ 42040 130304   4006]
310,123,2023-02-06 16:21:11.103972+00:00,,t,"T3L, ascending, intersegmental",12A,73962842537404471,648518346492917179,[ 56848 158560   1983]
311,77,2023-02-06 16:21:11.062873+00:00,,t,"T1R, intersegmental",10B,73397556658592652,648518346488551663,[40040 90096  2969]
312,56,2023-02-06 16:21:11.043011+00:00,,t,"T1L, ascending, intersegmental",10B,73256887688464789,648518346517452069,[35312 91848  2621]
313,135,2023-02-06 16:21:11.114473+00:00,,t,"T1L, local",13A,72412600465802124,648518346490196954,[11400 96032  3201]
314,122,2023-02-06 16:21:11.102855+00:00,,t,"T1L, intersegmental",12A,72413355574747200,648518346490365448,[ 12030 117900   1646]
315,79,2023-02-06 16:21:11.064648+00:00,,t,"T2R, ascending, intersegmental",10B,73398862731361702,648518346509388666,[ 40368 127280   3786]
316,182,2023-02-06 16:21:11.156264+00:00,,t,"T2L, intersegmental",18B,72413698970736951,648518346493041582,[ 10544 128208   1211]
317,195,2023-02-06 16:21:11.167670+00:00,,t,"T1R, intersegmental",19A,74312968405620170,648518346501544291,[ 66152 108176   2226]
318,145,2023-02-06 16:21:11.123293+00:00,,t,"T1L, local",13A,72693938003405517,648518346484661507,[20360 91608  3178]
319,139,2023-02-06 16:21:11.118213+00:00,,t,"T1L, local",13A,72764375534193073,648518346494588181,[22259 92507  3253]
320,83,2023-02-06 16:21:11.068066+00:00,,t,"T2R, intersegmental",10B,73469094170914294,648518346490499850,[ 41816 123552   4059]
321,57,2023-02-06 16:21:11.043871+00:00,,t,"T3R, ascending, intersegmental",10B,73259774040357834,648518346517652772,[ 35387 176466   2830]
322,140,2023-02-06 16:21:11.119065+00:00,,t,"T1L, local",13A,72834606638267401,648518346489565548,[24011 89838  2936]
323,142,2023-02-06 16:21:11.120780+00:00,,t,"T1L, local",13A,72834744144197287,648518346491531718,[24144 92464  3027]
324,136,2023-02-06 16:21:11.115625+00:00,,t,"T1L, local",13A,72482900423309419,648518346477777628,[14312 92192  3010]
325,143,2023-02-06 16:21:11.121628+00:00,,t,"T1L, local",13A,72905112955492270,648518346490002636,[26444 92678  3149]
326,190,2023-02-06 16:21:11.163306+00:00,,t,"T1L, local",19A,72413011977264323,648518346472653065,[ 11440 106840   1601]
327,146,2023-02-06 16:21:11.124125+00:00,,t,"T1L, local",13A,72834675357790304,648518346517685352,[23448 91080  2938]
328,91,2023-02-06 16:21:11.075321+00:00,,t,"T3R, ascending, intersegmental",10B,73611754529539317,648518346496175050,[ 46204 181928   1649]
329,47,2023-02-06 16:21:11.034813+00:00,,t,"T1L, intersegmental",10B,73186519078535472,648518346486971132,[34255 91974  2889]
330,121,2023-02-06 16:21:11.101989+00:00,,t,"T1L, intersegmental",12A,72413287660406076,648518346499996812,[ 11779 115731   3094]
331,75,2023-02-06 16:21:11.061176+00:00,,t,"T1R, ascending, intersegmental",10B,73397694097693642,648518346494734391,[39984 92656  3031]
332,67,2023-02-06 16:21:11.052852+00:00,,t,"T1R, ascending, intersegmental",10B,73256956475052638,648518346466900846,[36824 92512  2763]
333,43,2023-02-06 16:21:11.031196+00:00,,t,"T1L, ascending, intersegmental",10B,73186656517547292,648518346497151640,[33456 94904  2907]
334,54,2023-02-06 16:21:11.041268+00:00,,t,"T1L, ascending, intersegmental",10B,73256750450648769,648518346473303908,[35232 87880  2971]
335,90,2023-02-06 16:21:11.074463+00:00,,t,"T3L, ascending, intersegmental",10B,73541111444230277,648518346492280108,[ 44000 172352   2596]
336,36,2023-02-06 16:21:11.024935+00:00,,t,"T1L, ascending, intersegmental ",10B,73116219120877681,648518346474410605,[31552 92760  3016]
337,62,2023-02-06 16:21:11.048546+00:00,,t,"T1L, intersegmental",10B,73256956408017747,648518346482497172,[35616 92888  2657]
338,184,2023-02-06 16:21:11.157938+00:00,,t,"T1L, local",19A,72342849592954180,648518346479427282,[ 10072 113328   2006]
339,185,2023-02-06 16:21:11.159048+00:00,,t,"T1L, intersegmental",19A,72413011977396225,648518346521506809,[ 10680 107848   1651]
340,186,2023-02-06 16:21:11.159902+00:00,,t,"T1L, local",19A,72413149483328810,648518346502916595,[ 10920 111200   1709]
341,191,2023-02-06 16:21:11.164196+00:00,,t,"T1L, local",19A,72413149416289369,648518346488659278,[ 11552 112552   1629]
342,193,2023-02-06 16:21:11.165946+00:00,,t,"T1R, intersegmental",19A,74172368288774563,648518346518741215,[ 63432 111128   2061]
343,196,2023-02-06 16:21:11.168523+00:00,,t,"T1L, ascending",19A,72272412196238603,648518346495277494,[  7536 112064   2128]
344,199,2023-02-06 16:21:11.174001+00:00,,t,"T1L, local",19A,72342849391447402,648518346478715988,[  9217 114159   1598]
345,200,2023-02-06 16:21:11.175436+00:00,,t,"T1L, intersegmental",19A ,72272480781412989,648518346498429489,[  8168 113328   1885]
346,87,2023-02-06 16:21:11.071837+00:00,,t,"T2R, ascending, intersegmental",10B,73469093969333494,648518346482996710,[ 42976 124904   3605]
347,89,2023-02-06 16:21:11.073605+00:00,,t,"T3L, ascending, intersegmental",10B,73541180163789078,648518346484413479,[ 43048 174664   2642]
348,202,2023-02-06 16:21:11.177774+00:00,,t,"T1R, intersegmental",1A,73397624774079668,648518346482998502,[40136 90176  1813]
349,50,2023-02-06 16:21:11.037801+00:00,,t,"T1L, ascending, intersegmental",10B,73186450358980138,648518346524268293,[34472 88800  2851]
350,59,2023-02-06 16:21:11.045608+00:00,,t,"T1L, ascending, intersegmental",10B,73256819103179759,648518346490277659,[35480 88728  2851]
351,94,2023-02-06 16:21:11.078030+00:00,,t,"T1L, ascending, intersegmental",10B,73256819103126603,648518346490277659,[35437 88722  2834]
352,138,2023-02-06 16:21:11.117353+00:00,,t,"T1L, local",13A,72694006790251908,648518346488838734,[19609 93680  3333]
353,68,2023-02-06 16:21:11.053881+00:00,,t,"T1R, ascending, intersegmental",10B,73327394005936722,648518346515315271,[37522 94523  2926]
354,203,2023-02-06 16:21:11.178727+00:00,,t,"T1R, intersegmental",1A,73538431049107004,648518346486345888,[43016 93752  1967]
355,238,2023-02-06 16:21:11.213789+00:00,,t,"T1L, local",21A,72483655599647031,648518346507570297,[ 12336 115173   1671]
356,206,2023-02-06 16:21:11.181589+00:00,,t,"T1L, local",1B,72554025417256930,648518346499393886,[ 14864 115688   3625]
357,207,2023-02-06 16:21:11.182573+00:00,,t,"T1L, local",1B,72553956697715056,648518346502378579,[ 15109 114390   3625]
358,208,2023-02-06 16:21:11.183498+00:00,,t,"T1L, local",1B,72553956697733514,648518346502378579,[ 15136 114440   3615]
359,210,2023-02-06 16:21:11.185813+00:00,,t,"T1L, local",1B,72694762972725252,648518346471869851,[ 19191 115666   3766]
360,275,2023-02-06 16:21:11.247650+00:00,,t,"T1L, local",3A,72413424898185867,648518346501071209,[ 11208 119136   2800]
361,339,2023-02-06 16:21:11.308072+00:00,,t,"T2R, local",9A,74102618288678533,648518346524346373,[ 60586 130085   2631]
362,290,2023-02-06 16:21:11.261173+00:00,,t,"T1R, intersegmental",7B,73538294147057922,648518346496938029,[44072 89272  3000]
363,220,2023-02-06 16:21:11.195289+00:00,,t,"T1L, local",21A,72413286788141176,648518346498412564,[ 11848 115312   1500]
364,221,2023-02-06 16:21:11.196196+00:00,,t,"T1L, intersegmental",21A,72202386579640818,648518346492539577,[  5904 122032   1195]
365,259,2023-02-06 16:21:11.232611+00:00,,t,"T1L, intersegmental",23B,72554092928909204,648518346480373051,[ 14648 117976   1417]
366,285,2023-02-06 16:21:11.256611+00:00,,t,"T1L, intersegmental",7B,73045919096180163,648518346514037017,[29192 94224  3007]
367,306,2023-02-06 16:21:11.277850+00:00,,t,"T1L, local",9A,73116218785291035,648518346486457257,[31100 92608  2345]
368,283,2023-02-06 16:21:11.254834+00:00,,t,"T2L, intersegmental",7B,72765475112851649,648518346515421767,[ 22351 124990   3348]
369,228,2023-02-06 16:21:11.204340+00:00,,t,"T1L, local",21A,72272618153519624,648518346482969318,[  7713 117074   1797]
370,280,2023-02-06 16:21:11.252073+00:00,,t,"T1L, local",4B,73116425547798363,648518346489997619,[31216 98400  3524]
371,260,2023-02-06 16:21:11.233461+00:00,,t,"T1L, intersegmental",23B,72554161647936432,648518346489813335,[ 15568 119208   1311]
372,278,2023-02-06 16:21:11.250305+00:00,,t,"T1L, local",3A,72343124940435556,648518346491067565,[  9216 122048   2849]
373,234,2023-02-06 16:21:11.209851+00:00,,t,"T1L, intersegmental",21A,72342918379417131,648518346478715764,[  8926 115832   2102]
374,296,2023-02-06 16:21:11.266856+00:00,,t,"T1L, local",8A,72834606168458578,648518346499888197,[23252 89497  2031]
375,241,2023-02-06 16:21:11.216460+00:00,,t,"T1L, local",22A,72272618489211882,648518346521544953,[  6872 117408   2435]
376,242,2023-02-06 16:21:11.217342+00:00,,t,"T1L, local",22A,72272687275692403,648518346474603970,[  7064 118816   2539]
377,258,2023-02-06 16:21:11.231755+00:00,,t,"T1L, intersegmental",23B,72554093062892622,648518346480843521,[ 14460 118320   1567]
378,232,2023-02-06 16:21:11.208031+00:00,,t,"T1L, intersegmental",21A,72342987031936067,648518346481123040,[  8352 117680   2046]
379,254,2023-02-06 16:21:11.228317+00:00,,t,"T1L, local",22A,72342918446659719,648518346483958703,[  8344 115224   2286]
380,304,2023-02-06 16:21:11.275971+00:00,,t,"T1L, local",9A,73045781254468389,648518346486392674,[29541 91181  2238]
381,328,2023-02-06 16:21:11.298515+00:00,,t,"T1L, local",9A,73327050207368018,648518346486716621,[37574 85140  2563]
382,303,2023-02-06 16:21:11.274676+00:00,,t,"T1L, local",9A,72975412309114696,648518346501545571,[28231 91810  1910]
383,250,2023-02-06 16:21:11.224767+00:00,,t,"T1L, local",22A,72272481251150840,648518346491061880,[  7923 113336   2748]
384,205,2023-02-06 16:21:11.180643+00:00,,t,"T1L, local",1B,72413219075315871,648518346497267884,[ 11976 114632   3430]
385,240,2023-02-06 16:21:11.215577+00:00,,t,"T1L, local",22A,72413287727643073,648518346491361313,[ 10584 116496   3283]
386,308,2023-02-06 16:21:11.279894+00:00,,t,"T1L, ascending, intersegmental",9A,73116218718064250,648518346500153411,[31552 92504  2192]
387,299,2023-02-06 16:21:11.270165+00:00,,t,"T1L, local",8A,72975343723909355,648518346475527296,[27260 88352  2157]
388,212,2023-02-06 16:21:11.187935+00:00,,t,"T1L, local",1B,72413219008193562,648518346504134862,[ 11603 113897   3300]
389,286,2023-02-06 16:21:11.257777+00:00,,t,"T1L, intersegmental",7B,73116081480700071,648518346493467932,[31192 89920  2671]
390,291,2023-02-06 16:21:11.262059+00:00,,t,"T1R, intersegmental",7B,73538294012832015,648518346489732460,[44376 88521  2779]
391,198,2023-02-06 16:21:11.172507+00:00,,t,"T1L, intersegmental",19A,72342712019633328,648518346502133065,[  9544 109912   1761]
392,253,2023-02-06 16:21:11.227441+00:00,,t,"T1L, local",22A,72272481049877206,648518346476747894,[  8048 113008   2326]
393,245,2023-02-06 16:21:11.220053+00:00,,t,"T1L, local",22A,72272412397592209,648518346466159920,[  7360 111768   2519]
394,233,2023-02-06 16:21:11.208949+00:00,,t,"T1L, local",21A,72342918245534267,648518346486141124,[  8864 116328   1919]
395,235,2023-02-06 16:21:11.211017+00:00,,t,"T1L, local",21A,72342918111149359,648518346491041827,[  9496 115320   1660]
396,277,2023-02-06 16:21:11.249429+00:00,,t,"T1L, local",3A,72272755592361988,648518346494799159,[  7880 121944   1748]
397,268,2023-02-06 16:21:11.241050+00:00,,t,"T3R, ascending, intersegmental",23B,74103785446126640,648518346490703613,[ 59760 164280    643]
398,305,2023-02-06 16:21:11.276939+00:00,,t,"T1L, local",9A,73116149931720890,648518346489054813,[30984 91520  2104]
399,261,2023-02-06 16:21:11.234665+00:00,,t,"T1L, ascending, intersegmental",23B,72554161581122285,648518346490574940,[ 15896 119632   1191]
400,326,2023-02-06 16:21:11.296815+00:00,,t,"T1L, local",9A,73327187646058713,648518346494996387,[37216 88088  2472]
401,239,2023-02-06 16:21:11.214677+00:00,,t,"T1L, local",21A,72624255984167129,648518346484534823,[ 16626 112463   2238]
402,222,2023-02-06 16:21:11.197877+00:00,,t,"T1L, local",21A,72272686939920501,648518346492104815,[  6761 119842   1826]
403,281,2023-02-06 16:21:11.252947+00:00,,t,"T2L, intersegmental",7B,72624669039374947,648518346513923353,[ 18096 123416   3626]
404,248,2023-02-06 16:21:11.223015+00:00,,t,"T1L, local",22A,72272412263453424,648518346509963578,[  7881 112217   2272]
405,293,2023-02-06 16:21:11.263836+00:00,,t,"T2R, ascending, intersegmental",7B,73680200134972897,648518346491983983,[ 48824 124896   3556]
406,244,2023-02-06 16:21:11.219151+00:00,,t,"T1L, local",22A,72272481050021192,648518346502036330,[  7312 114080   2378]
407,292,2023-02-06 16:21:11.262960+00:00,,t,"T1L, ascending, intersegmental",7B,73045712870640835,648518346487087587,[29592 88328  2860]
408,257,2023-02-06 16:21:11.230897+00:00,,t,"T1L, intersegmental",23B,72483792769799839,648518346518636630,[ 13800 118976   1066]
409,322,2023-02-06 16:21:11.292949+00:00,,t,"T1L, local",9A,73256681463090675,648518346467364359,[36698 85311  2560]
410,249,2023-02-06 16:21:11.223905+00:00,,t,"T1L, local",22A,72272481318129119,648518346465266805,[  7914 113846   2831]
411,252,2023-02-06 16:21:11.226562+00:00,,t,"T1L, local",22A,72272481318143487,648518346465266805,[  8035 113641   2841]
412,217,2023-02-06 16:21:11.192568+00:00,,t,"T1L, local",20A,72483725392533175,648518346493419292,[ 14256 116976   3610]
413,295,2023-02-06 16:21:11.265652+00:00,,t,"T1L, local",8A,72834468662281027,648518346485904766,[23234 85341  1874]
414,297,2023-02-06 16:21:11.267877+00:00,,t,"T1L, local",8A,72834468930661848,648518346480822749,[24424 84216  2346]
415,246,2023-02-06 16:21:11.220936+00:00,,t,"T1L, local",22A,72272549702450045,648518346483381182,[  7480 115512   2263]
416,287,2023-02-06 16:21:11.258633+00:00,,t,"T1L, intersegmental",7B,73186450224761252,648518346481421413,[33088 89552  2605]
417,338,2023-02-06 16:21:11.307230+00:00,,t,"T2R, local",9A,74102480782706050,648518346477252808,[ 60198 126387   2531]
418,237,2023-02-06 16:21:11.212881+00:00,,t,"T1L, local",21A,72342918647874651,648518346524262149,[  9591 116575   2619]
419,310,2023-02-06 16:21:11.281834+00:00,,t,"T1L, local",9A,73116081145093912,648518346482280852,[32301 89003  2000]
420,311,2023-02-06 16:21:11.282784+00:00,,t,"T1L, local",9A,73186518877214899,648518346492304255,[33080 91088  2512]
421,312,2023-02-06 16:21:11.284058+00:00,,t,"T1L, local",9A,73186450157666968,648518346514141918,[33856 89224  2473]
422,314,2023-02-06 16:21:11.285839+00:00,,t,"T1L, local",9A,73186381438247371,648518346485925758,[34556 87932  2481]
423,276,2023-02-06 16:21:11.248579+00:00,,t,"T1L, intersegmental",3A,72554094002563984,648518346492412799,[ 14408 117416   3394]
424,319,2023-02-06 16:21:11.290356+00:00,,t,"T1L, local",9A,73256681530150458,648518346507290440,[36452 84780  2661]
425,187,2023-02-06 16:21:11.160762+00:00,,t,"T1L, intersegmental",19A,72413080696744726,648518346499593822,[ 10992 108720   1594]
426,194,2023-02-06 16:21:11.166802+00:00,,t,"T1R, intersegmental",19A,74313037057990494,648518346501344355,[ 65592 110320   2153]
427,197,2023-02-06 16:21:11.169898+00:00,,t,"T1L, local",19A,72342780806266313,648518346531401754,[  8280 112088   1846]
428,243,2023-02-06 16:21:11.218269+00:00,,t,"T1L, local",22A,72272549635399037,648518346503120371,[  7136 114912   2169]
429,302,2023-02-06 16:21:11.273606+00:00,,t,"T1L, local",8A,72834606503733112,648518346489544793,[23920 89864  2579]
430,313,2023-02-06 16:21:11.284955+00:00,,t,"T1L, local",9A,73186312584556922,648518346494226823,[33880 85480  2256]
431,294,2023-02-06 16:21:11.264755+00:00,,t,"T1L, local",8A,72764168905905150,648518346481534309,[22289 87953  2331]
432,251,2023-02-06 16:21:11.225677+00:00,,t,"T1L, local",22A,72272550037611439,648518346477888014,[  7976 116648   2840]
433,316,2023-02-06 16:21:11.287685+00:00,,t,"T1L, local",9A,73256681395749172,648518346491100449,[35548 85716  2341]
434,317,2023-02-06 16:21:11.288580+00:00,,t,"T1L, local",9A,73256750249561934,648518346494200711,[35656 86880  2639]
435,289,2023-02-06 16:21:11.260321+00:00,,t,"T1L, intersegmental",7B,73186587730905892,648518346481537125,[34320 92424  2773]
436,320,2023-02-06 16:21:11.291241+00:00,,t,"T1L, local",9A,73256681462995464,648518346491611454,[36562 84080  2532]
437,236,2023-02-06 16:21:11.211957+00:00,,t,"T1L, local",21A,72342918446696961,648518346478192877,[  9680 116296   2297]
438,323,2023-02-06 16:21:11.293778+00:00,,t,"T1L, local",9A,73326981487572157,648518346492041234,[36952 83182  2507]
439,324,2023-02-06 16:21:11.295085+00:00,,t,"T1L, local",9A,73327187713242462,648518346481059930,[37114 88678  2654]
440,265,2023-02-06 16:21:11.238330+00:00,,t,"T1L, intersegmental",23B,72624530526533127,648518346487770434,[ 18136 119368   1586]
441,263,2023-02-06 16:21:11.236573+00:00,,t,"T1L, intersegmental",23B,72624530392357218,648518346507433247,[ 16856 118984   1309]
442,301,2023-02-06 16:21:11.272570+00:00,,t,"T1L, local",8A,73045506242452432,648518346481651905,[28960 82640  1992]
443,298,2023-02-06 16:21:11.268872+00:00,,t,"T1L, local",8A,72834468863505484,648518346473304420,[24487 84044  2211]
444,331,2023-02-06 16:21:11.301043+00:00,,t,"T1L, local",9A,73327118926717825,648518346500498904,[37808 87376  2551]
445,332,2023-02-06 16:21:11.301891+00:00,,t,"T1L, local",9A,73326843914386443,648518346497297432,[38232 79488  2262]
446,300,2023-02-06 16:21:11.271201+00:00,,t,"T1L, local",8A,72975343723479309,648518346501177500,[28248 88088  2058]
447,334,2023-02-06 16:21:11.303607+00:00,,t,"T2R, local",9A,73961743562923734,648518346493171442,[ 55515 126864   3081]
448,336,2023-02-06 16:21:11.305259+00:00,,t,"T2R, local",9A,74032180959224551,648518346459644932,[ 58653 127229   2878]
449,337,2023-02-06 16:21:11.306410+00:00,,t,"T2R, local",9A,74102618489642527,648518346501160982,[ 59482 129586   2960]
450,353,2023-02-06 16:21:11.320169+00:00,,t,descending,descending,72975412242073923,648518346481850015,[27716 90543  1800]
451,340,2023-02-06 16:21:11.308917+00:00,,t,"T2R, local",9A,74102549569106897,648518346500937116,[ 60696 128791   2587]
452,341,2023-02-06 16:21:11.309751+00:00,,t,"T2R, local",9A,74172849526845613,648518346486863587,[ 61640 126720   2523]
453,264,2023-02-06 16:21:11.237419+00:00,,t,"T1L, local",23B,72624530258203327,648518346490909613,[ 18064 120824   1073]
454,343,2023-02-06 16:21:11.311404+00:00,,t,"T2R, local",9A,74243149417374960,648518346495278262,[ 65296 124424   2274]
455,188,2023-02-06 16:21:11.161613+00:00,,t,"T1L, local",19A,72413080696733878,648518346497743606,[ 11068 110149   1591]
456,351,2023-02-06 16:21:11.318516+00:00,,t,descending,descending,73184868871458428,648518346500413244,[33285 41200  1071]
457,352,2023-02-06 16:21:11.319345+00:00,,t,descending,descending,73186518608862012,648518346481030400,[34110 91870  2054]
458,354,2023-02-06 16:21:11.321008+00:00,,t,fragment,fragment,72342712556471929,648518346481775387,[ 10103 110389   2733]
459,355,2023-02-06 16:21:11.321843+00:00,,t,fragment,fragment,72413081300694287,648518346475506816,[ 10385 110221   2755]
460,356,2023-02-06 16:21:11.322676+00:00,,t,fragment,fragment,72413150020083035,648518346499876492,[ 10453 111663   2709]
461,357,2023-02-06 16:21:11.323507+00:00,,t,fragment,fragment,72413218605461690,648518346486753642,[ 10471 113053   2519]
462,223,2023-02-06 16:21:11.198852+00:00,,t,"T1L, local",21A,72272755592306785,648518346507510905,[  6795 121662   1713]
463,333,2023-02-06 16:21:11.302733+00:00,,t,"T1R, intersegmental",9A,73468062304958271,648518346488609263,[42904 92240  1984]
464,231,2023-02-06 16:21:11.207079+00:00,,t,"T1L, local",21A,72342849525766835,648518346494306039,[  8352 114632   1867]
465,327,2023-02-06 16:21:11.297675+00:00,,t,"T1L, local",9A,73327050207028316,648518346487498387,[37256 84616  2482]
466,189,2023-02-06 16:21:11.162465+00:00,,t,"T1L, local",19A,72413080696782882,648518346497743606,[ 11176 110208   1608]
467,342,2023-02-06 16:21:11.310591+00:00,,t,"T2R, local",9A,74172712222099650,648518346477977837,[ 61712 122696   2766]
468,321,2023-02-06 16:21:11.292098+00:00,,t,"T1L, local",9A,73256818902188201,648518346489787479,[36640 88944  2558]
469,255,2023-02-06 16:21:11.229169+00:00,,t,"T1L, local",22A,72342987434363005,648518346479956886,[  8656 118392   2706]
470,209,2023-02-06 16:21:11.184411+00:00,,t,"T1L, local",1B,72624394161604614,648518346465128053,[ 16520 115216   3701]
471,330,2023-02-06 16:21:11.300199+00:00,,t,"T1L, intersegmental",9A,73326981420569724,648518346486067652,[37800 82480  2367]
472,288,2023-02-06 16:21:11.259484+00:00,,t,"T1L, ascending, intersegmental",7B,73186243865033552,648518346503970977,[33216 83224  2234]
473,307,2023-02-06 16:21:11.278897+00:00,,t,"T1L, local",9A,73115737547747733,648518346479847574,[31551 79835  2026]
474,213,2023-02-06 16:21:11.188885+00:00,,t,"T1L, local",1B,72554025350252376,648518346509364858,[ 14348 115203   3555]
475,211,2023-02-06 16:21:11.186939+00:00,,t,"T1L, local",1B,72413150422776889,648518346493263024,[ 11552 110810   3504]
476,329,2023-02-06 16:21:11.299350+00:00,,t,"T1L, local",9A,73326981487560889,648518346490340104,[37720 82527  2498]
477,204,2023-02-06 16:21:11.179689+00:00,,t,"T1L, local",1B,72413218940885774,648518346475537024,[ 11215 114221   3133]
478,267,2023-02-06 16:21:11.240167+00:00,,t,"T2L, intersegmental",23B,73047773179905999,648518346488712526,[ 30432 151360    518]
479,247,2023-02-06 16:21:11.221825+00:00,,t,"T1L, local",22A,72272412464727811,648518346511341186,[  7650 111745   2646]
480,215,2023-02-06 16:21:11.190723+00:00,,t,"T1L, local",1B,72624394228576167,648518346489838863,[ 17852 116442   3764]
481,279,2023-02-06 16:21:11.251209+00:00,,t,"T1L, local",4B,72976100510645787,648518346524171525,[ 26896 112264   3807]
482,227,2023-02-06 16:21:11.203306+00:00,,t,"T1L, local",21A,72272549500919691,648518346492595641,[  7656 115976   1818]
483,282,2023-02-06 16:21:11.253840+00:00,,t,"T2L, ascending, intersegmental",7B,72695106234584419,648518346479458002,[ 19752 125784   3113]
484,318,2023-02-06 16:21:11.289463+00:00,,t,"T1L, local",9A,73256750115409886,648518346478791252,[35789 87284  2424]
485,284,2023-02-06 16:21:11.255740+00:00,,t,"T1L, ascending, intersegmental",7B,72975412846004968,648518346481205338,[27304 90346  2907]
486,358,2023-02-06 16:21:11.324423+00:00,,t,fragment,fragment,72413218605485651,648518346477917141,[ 10747 112701   2526]
487,359,2023-02-06 16:21:11.325285+00:00,,t,fragment,fragment,72413149953102023,648518346480887264,[ 11147 112185   2642]
488,360,2023-02-06 16:21:11.326126+00:00,,t,fragment,fragment,72413081300800430,648518346481972251,[ 11293 110361   2791]
489,361,2023-02-06 16:21:11.326944+00:00,,t,fragment,fragment,72413081300823458,648518346417363120,[ 11339 110131   2805]
490,362,2023-02-06 16:21:11.327803+00:00,,t,fragment,fragment,72413218471138741,648518346350875582,[ 11713 113089   2223]
491,363,2023-02-06 16:21:11.328924+00:00,,t,fragment,fragment,72413081367919896,648518346405441198,[ 11995 109975   2928]
492,364,2023-02-06 16:21:11.329743+00:00,,t,fragment,fragment,72413150087322536,648518346476671681,[ 12045 110959   2896]
493,365,2023-02-06 16:21:11.330581+00:00,,t,fragment,fragment,72413218605589886,648518346490120184,[ 12215 112657   2561]
494,366,2023-02-06 16:21:11.331393+00:00,,t,fragment,fragment,72412806691317646,648518346492800686,[ 12253 102175   3317]
495,367,2023-02-06 16:21:11.332212+00:00,,t,fragment,fragment,72483587215425824,648518346493147676,[ 12443 113585   2273]
496,368,2023-02-06 16:21:11.333054+00:00,,t,fragment,fragment,72483450178963630,648518346383842696,[ 12511 110033   2973]
497,369,2023-02-06 16:21:11.333889+00:00,,t,fragment,fragment,72483450178938316,648518346476709825,[ 12549 110031   2964]
498,370,2023-02-06 16:21:11.334721+00:00,,t,fragment,fragment,72483518831462307,648518346491583294,[ 13195 111459   2894]
499,371,2023-02-06 16:21:11.335570+00:00,,t,fragment,fragment,72483450246060723,648518346495496159,[ 13861 108671   3097]
500,372,2023-02-06 16:21:11.336412+00:00,,t,fragment,fragment,72483518764280681,648518346471871387,[ 13947 112137   2721]
501,373,2023-02-06 16:21:11.337243+00:00,,t,fragment,fragment,72483037929493158,648518346507485399,[14199 98197  3195]
502,374,2023-02-06 16:21:11.338064+00:00,,t,fragment,fragment,72553475393147047,648518346507499991,[14353 98473  3198]
503,375,2023-02-06 16:21:11.340257+00:00,,t,fragment,fragment,72553818990245119,648518346452145224,[ 14841 108949   3087]
504,376,2023-02-06 16:21:11.341665+00:00,,t,fragment,fragment,72553818990263783,648518346487424380,[ 14843 108867   3092]
505,377,2023-02-06 16:21:11.343200+00:00,,t,fragment,fragment,72553612898973955,648518346492122968,[ 15131 102551   3234]
506,378,2023-02-06 16:21:11.344686+00:00,,t,fragment,fragment,72553818990387320,648518346480369416,[ 15151 108637   3137]
507,379,2023-02-06 16:21:11.346135+00:00,,t,fragment,fragment,72553681685544404,648518346476330399,[ 15269 104847   3353]
508,381,2023-02-06 16:21:11.348106+00:00,,t,fragment,fragment,72553612966171158,648518346479424475,[ 15693 104133   3402]
509,382,2023-02-06 16:21:11.348997+00:00,,t,fragment,fragment,72553681551402128,648518346476962624,[ 16047 104673   3146]
510,383,2023-02-06 16:21:11.349846+00:00,,t,fragment,fragment,72623706564311064,648518346458948359,[16431 95353  2953]
511,384,2023-02-06 16:21:11.350878+00:00,,t,fragment,fragment,72623775350637393,648518346508943831,[16487 98219  3032]
512,385,2023-02-06 16:21:11.351788+00:00,,t,fragment,fragment,72623912856571014,648518346500413500,[ 16969 101093   3102]
513,386,2023-02-06 16:21:11.352636+00:00,,t,fragment,fragment,72624119015352737,648518346498432817,[ 16977 107075   3208]
514,387,2023-02-06 16:21:11.353486+00:00,,t,fragment,fragment,72624050362738860,648518346489694991,[ 17695 105837   3273]
515,388,2023-02-06 16:21:11.354581+00:00,,t,fragment,fragment,72623912856580143,648518346474515650,[ 17793 100701   3109]
516,389,2023-02-06 16:21:11.355429+00:00,,t,fragment,fragment,72624050362748945,648518346383503214,[ 18029 106013   3276]
517,390,2023-02-06 16:21:11.356262+00:00,,t,fragment,fragment,72624050295702626,648518346503022971,[ 18231 105611   3177]
518,391,2023-02-06 16:21:11.357083+00:00,,t,fragment,fragment,72624050362696522,648518346383550318,[ 18277 106275   3257]
519,392,2023-02-06 16:21:11.357914+00:00,,t,fragment,fragment,72694075308113943,648518346491703691,[18579 95501  2848]
520,393,2023-02-06 16:21:11.358727+00:00,,t,fragment,fragment,72694075308192459,648518346487232107,[18593 94353  2885]
521,394,2023-02-06 16:21:11.359547+00:00,,t,fragment,fragment,72694006588632155,648518346475510656,[18671 94183  2895]
522,395,2023-02-06 16:21:11.360360+00:00,,t,fragment,fragment,72694075308266402,648518346403157024,[19053 95017  2911]
523,396,2023-02-06 16:21:11.361179+00:00,,t,fragment,fragment,72694006521699937,648518346451547884,[19129 93747  2812]
524,397,2023-02-06 16:21:11.362024+00:00,,t,fragment,fragment,72694006521574246,648518346437511956,[19305 93735  2747]
525,398,2023-02-06 16:21:11.362853+00:00,,t,fragment,fragment,72694075308192781,648518346492034578,[19693 94915  2884]
526,399,2023-02-06 16:21:11.363676+00:00,,t,fragment,fragment,72694006387566931,648518346496789762,[19921 92375  2562]
527,400,2023-02-06 16:21:11.364499+00:00,,t,fragment,fragment,72694006454535818,648518346441503146,[19933 93579  2635]
528,401,2023-02-06 16:21:11.365622+00:00,,t,fragment,fragment,72694487759467183,648518346490072603,[ 20281 106709   3206]
529,402,2023-02-06 16:21:11.366490+00:00,,t,fragment,fragment,72764787716892750,648518346477542620,[ 21089 106329   3046]
530,403,2023-02-06 16:21:11.367334+00:00,,t,fragment,fragment,72764856503565461,648518346494899634,[ 22437 108051   3193]
531,404,2023-02-06 16:21:11.368157+00:00,,t,fragment,fragment,72835225180453027,648518346497788165,[ 22551 106687   3004]
532,405,2023-02-06 16:21:11.368984+00:00,,t,fragment,fragment,72835225180533451,648518346346019534,[ 23551 107255   3039]
533,407,2023-02-06 16:21:11.370618+00:00,,t,fragment,fragment,72905593857604926,648518346503256435,[ 24607 107335   2900]
534,408,2023-02-06 16:21:11.371419+00:00,,t,fragment,fragment,72905593790537219,648518346424712568,[ 25493 107439   2780]
535,475,2023-02-06 16:21:11.431350+00:00,,t,"T1L, MN",MN,73045781120281440,648518346496195084,[29693 90874  1961]
536,410,2023-02-06 16:21:11.373035+00:00,,t,fragment,fragment,72905662577091702,648518346502498118,[ 25783 109225   2903]
537,411,2023-02-06 16:21:11.373930+00:00,,t,fragment,fragment,72905456418603480,648518346484432571,[ 26065 103641   2868]
538,412,2023-02-06 16:21:11.374787+00:00,,t,fragment,fragment,72905319113776439,648518346506050160,[ 26599 100253   3088]
539,413,2023-02-06 16:21:11.375627+00:00,,t,fragment,fragment,72976031254221938,648518346481322729,[ 26729 109991   2781]
540,414,2023-02-06 16:21:11.376722+00:00,,t,fragment,fragment,72975825229936731,648518346483237452,[ 26979 104365   3024]
541,415,2023-02-06 16:21:11.377548+00:00,,t,fragment,fragment,72975756443336001,648518346451933838,[ 27163 101969   2886]
542,416,2023-02-06 16:21:11.378532+00:00,,t,fragment,fragment,72975893882285820,648518346351307175,[ 27339 104945   2893]
543,417,2023-02-06 16:21:11.379568+00:00,,t,fragment,fragment,72975756510555203,648518346506113904,[ 27403 100811   3053]
544,418,2023-02-06 16:21:11.380513+00:00,,t,fragment,fragment,72976031321225272,648518346395001857,[ 27507 108791   2875]
545,419,2023-02-06 16:21:11.381472+00:00,,t,fragment,fragment,72975756443350834,648518346455872770,[ 28097 101111   2896]
546,420,2023-02-06 16:21:11.382357+00:00,,t,fragment,fragment,72975687791101339,648518346518751711,[28363 99161  3069]
547,421,2023-02-06 16:21:11.383214+00:00,,t,fragment,fragment,72975962534765833,648518346424331909,[ 28431 107225   2803]
548,422,2023-02-06 16:21:11.384122+00:00,,t,fragment,fragment,73046537370340732,648518346479280537,[ 29155 113397   2677]
549,423,2023-02-06 16:21:11.385018+00:00,,t,fragment,fragment,73046331345957300,648518346494002062,[ 29159 106819   2876]
550,424,2023-02-06 16:21:11.385871+00:00,,t,fragment,fragment,73046399998504714,648518346502276936,[ 29855 109895   2813]
551,425,2023-02-06 16:21:11.386726+00:00,,t,fragment,fragment,73116700023104574,648518346376426043,[ 31323 107081   2786]
552,426,2023-02-06 16:21:11.387860+00:00,,t,fragment,fragment,73328631023668097,648518346476235173,[ 38101 131167   3067]
553,427,2023-02-06 16:21:11.388721+00:00,,t,fragment,fragment,73328699810190187,648518346478934480,[ 38187 133279   3177]
554,428,2023-02-06 16:21:11.389548+00:00,,t,fragment,fragment,73398999834761386,648518346500113670,[ 39501 131385   3118]
555,429,2023-02-06 16:21:11.390358+00:00,,t,fragment,fragment,73398999700591271,648518346481371190,[ 40445 132093   2873]
556,430,2023-02-06 16:21:11.391186+00:00,,t,fragment,fragment,73469368712931382,648518346520386809,[ 40993 132711   3341]
557,431,2023-02-06 16:21:11.392099+00:00,,t,fragment,fragment,73469368646047014,648518346422287111,[ 41579 132035   3238]
558,432,2023-02-06 16:21:11.392946+00:00,,t,fragment,fragment,73469437231372057,648518346493392506,[ 42347 133193   3019]
559,433,2023-02-06 16:21:11.393780+00:00,,t,fragment,fragment,73469437365604911,648518346492257073,[ 42397 133297   3274]
560,434,2023-02-06 16:21:11.394611+00:00,,t,fragment,fragment,73539805975496999,648518346444060363,[ 43205 133365   2996]
561,435,2023-02-06 16:21:11.395459+00:00,,t,fragment,fragment,73539806042574376,648518346493061242,[ 43419 134015   3096]
562,436,2023-02-06 16:21:11.396297+00:00,,t,fragment,fragment,73539806109782681,648518346424043523,[ 44041 134437   3278]
563,437,2023-02-06 16:21:11.397153+00:00,,t,fragment,fragment,73539806109755657,648518346424004611,[ 44289 134505   3277]
564,438,2023-02-06 16:21:11.397987+00:00,,t,fragment,fragment,72342643769877301,648518346478213817,[  9141 108383   2605]
565,450,2023-02-06 16:21:11.408597+00:00,,t,"T1L, MN",MN,72482831502613558,648518346494148128,[13693 91905  2685]
566,440,2023-02-06 16:21:11.399963+00:00,,t,fragment,fragment,72342712489589745,648518346492381379,[  9471 110363   2684]
567,441,2023-02-06 16:21:11.400776+00:00,,t,fragment,fragment,72342781141649563,648518346475999937,[  9731 110931   2457]
568,442,2023-02-06 16:21:11.401614+00:00,,t,fragment,fragment,72342781208897625,648518346481763099,[  9801 110637   2624]
569,443,2023-02-06 16:21:11.402523+00:00,,t,fragment,fragment,72342781275876925,648518346489191729,[  9809 112097   2715]
570,444,2023-02-06 16:21:11.403360+00:00,,t,fragment,fragment,72342712623745029,648518346481889051,[  9847 110547   2930]
571,445,2023-02-06 16:21:11.404196+00:00,,t,fragment,fragment,72342712556669331,648518346476562881,[  9929 110345   2810]
572,439,2023-02-06 16:21:11.399124+00:00,,t,fragment,fragment,72342643769688276,648518346498510418,[  9390 108439   2582]
573,477,2023-02-06 16:21:11.433377+00:00,,t,"T1L, sensory",sensory,72553612966249062,648518346503767201,[ 14914 102792   3438]
574,452,2023-02-06 16:21:11.410552+00:00,,t,"T1L, MN",MN,72553131392891700,648518346489543513,[16070 89176  2350]
575,479,2023-02-06 16:21:11.435082+00:00,,t,"T1L, sensory",sensory,72905731229181385,648518346500505269,[ 25597 112281   2711]
576,481,2023-02-06 16:21:11.436788+00:00,,t,"T1L, sensory",sensory,72342438215328533,648518346476657526,[  8717 101723   3740]
577,483,2023-02-06 16:21:11.438493+00:00,,t,"T1L, sensory",sensory,72342438215365972,648518346494933426,[  9939 101191   3740]
578,482,2023-02-06 16:21:11.437646+00:00,,t,"T1L, sensory",sensory,72342438215375566,648518346507233352,[  9781 100378   3740]
579,466,2023-02-06 16:21:11.423232+00:00,,t,"T1L, MN",MN,72904906595745994,648518346478935892,[25819 87882  2781]
580,457,2023-02-06 16:21:11.414805+00:00,,t,"T1L, MN",MN,72764168704816459,648518346520685366,[20639 87041  2022]
581,449,2023-02-06 16:21:11.407753+00:00,,t,"T1L, MN",MN,72482831435438088,648518346477726990,[13605 91741  2535]
582,380,2023-02-06 16:21:11.347197+00:00,,t,fragment,fragment,72553750270965068,648518346486986465,[ 15437 108101   3153]
583,447,2023-02-06 16:21:11.405875+00:00,,t,"T1L, MN",MN,72413355507567200,648518346490738941,[ 11144 117336   1478]
584,469,2023-02-06 16:21:11.425779+00:00,,t,"T1L, MN",MN,72975343925097073,648518346478125293,[27079 88744  2479]
585,467,2023-02-06 16:21:11.424080+00:00,,t,"T1L, MN",MN,72904974778192622,648518346500725685,[26120 88188  1693]
586,471,2023-02-06 16:21:11.427474+00:00,,t,"T1L, MN",MN,72975206486264775,648518346514306270,[28080 85768  2516]
587,446,2023-02-06 16:21:11.405025+00:00,,t,"T1L, MN",MN,72413355373425035,648518346477140752,[ 10464 118400   1262]
588,451,2023-02-06 16:21:11.409417+00:00,,t,"T1L, MN",MN,72553818050935184,648518346502617767,[ 15480 109312   1367]
589,455,2023-02-06 16:21:11.413076+00:00,,t,"T1L, MN",MN,72693868948514333,648518346477240264,[20124 89508  2559]
590,448,2023-02-06 16:21:11.406821+00:00,,t,"T1L, MN",MN,72482762716040225,648518346479055568,[13344 89432  2556]
591,454,2023-02-06 16:21:11.412185+00:00,,t,"T1L, MN",MN,72623500204416838,648518346498314906,[16870 88111  2568]
592,480,2023-02-06 16:21:11.435932+00:00,,t,"T1L, sensory",sensory,72272069471158663,648518346494038560,[  7886 100597   3740]
593,465,2023-02-06 16:21:11.422405+00:00,,t,"T1L, MN",MN,72904837406552690,648518346497891062,[25490 84658  1913]
594,462,2023-02-06 16:21:11.419389+00:00,,t,"T1L, MN",MN,72834674686355627,648518346504092878,[24001 91338  1555]
595,473,2023-02-06 16:21:11.429381+00:00,,t,"T1L, MN",MN,73045644084058320,648518346519022303,[29187 87482  2795]
596,406,2023-02-06 16:21:11.369796+00:00,,t,fragment,fragment,72835225180524116,648518346494231543,[ 23887 107231   3034]
597,464,2023-02-06 16:21:11.421228+00:00,,t,"T1L, MN",MN,72904906528605626,648518346479239887,[25040 87696  2626]
598,456,2023-02-06 16:21:11.413938+00:00,,t,"T1L, MN",MN,72764168906128075,648518346486971900,[20586 86716  2440]
599,460,2023-02-06 16:21:11.417465+00:00,,t,"T1L, MN",MN,72834537717220975,648518346494476935,[23021 86342  2506]
600,461,2023-02-06 16:21:11.418496+00:00,,t,"T1L, MN",MN,72834537381797533,648518346483445438,[23064 87192  1876]
601,192,2023-02-06 16:21:11.165083+00:00,,t,"T1L, intersegmental",19A,72413080629489945,648518346465091957,[ 11696 110312   1508]
602,474,2023-02-06 16:21:11.430436+00:00,,t,"T1L, MN",MN,73045644016998043,648518346477919895,[29198 86581  2634]
603,468,2023-02-06 16:21:11.424941+00:00,,t,"T1L, MN",MN,72904974979576714,648518346503310971,[26272 89248  2099]
604,470,2023-02-06 16:21:11.426615+00:00,,t,"T1L, MN",MN,72975274870169552,648518346514458155,[27680 87720  1905]
605,478,2023-02-06 16:21:11.434233+00:00,,t,"T1L, sensory",sensory,72553612832102002,648518346504315944,[ 15893 102961   3209]
606,459,2023-02-06 16:21:11.416489+00:00,,t,"T1L, MN",MN,72764237289721501,648518346504315944,[22264 89998  1676]
607,472,2023-02-06 16:21:11.428312+00:00,,t,"T1L, MN",MN,73045643815642075,648518346517437482,[29080 87520  2246]
608,476,2023-02-06 16:21:11.432232+00:00,,t,"T1L, MN",MN,73045712132403395,648518346491659326,[30304 89032  1429]
609,409,2023-02-06 16:21:11.372226+00:00,,t,fragment,fragment,72905387564752389,648518346484746829,[ 25518 100707   2604]
610,458,2023-02-06 16:21:11.415634+00:00,,t,"T1L, MN",MN,72764237826748104,648518346496932836,[22012 88216  2724]
611,453,2023-02-06 16:21:11.411375+00:00,,t,"T1L, MN",MN,72553200246751248,648518346496059082,[16252 91208  2668]
